{"timestamp": 1777634763.5013607, "datetime": "2026-05-01T11:26:03.501361+00:00", "global_rate": 0, "top_ips": [], "baseline_mean": 2.0, "baseline_stddev": 1.5}