{"timestamp": 1777628573.005794, "datetime": "2026-05-01T09:42:53.005794+00:00", "global_rate": 0, "top_ips": [], "baseline_mean": 2.0, "baseline_stddev": 1.5}