{"timestamp": 1777628092.1942217, "datetime": "2026-05-01T09:34:52.194222+00:00", "global_rate": 0, "top_ips": [], "baseline_mean": 2.0, "baseline_stddev": 1.5}